<?xml version="1.0" encoding="UTF-8"?>
<project-private xmlns="http://www.netbeans.org/ns/project-private/1">
    <editor-bookmarks xmlns="http://www.netbeans.org/ns/editor-bookmarks/2" lastBookmarkId="0"/>
    <open-files xmlns="http://www.netbeans.org/ns/projectui-open-files/2">
        <group>
            <file>file:/C:/Users/Fathon2325/Coding/Project%204/web/signup.css</file>
            <file>file:/C:/Users/Fathon2325/Coding/Project%204/web/AtminPage.css</file>
            <file>file:/C:/Users/Fathon2325/Coding/Project%204/src/java/Projek4/LoginServlet.java</file>
            <file>file:/C:/Users/Fathon2325/Coding/Project%204/web/AtminLogin.js</file>
            <file>file:/C:/Users/Fathon2325/Coding/Project%204/web/AtminLogin.jsp</file>
            <file>file:/C:/Users/Fathon2325/Coding/Project%204/web/AtminLogin.css</file>
            <file>file:/C:/Users/Fathon2325/Coding/Project%204/web/index.html</file>
            <file>file:/C:/Users/Fathon2325/Coding/Project%204/web/SignUp.js</file>
            <file>file:/C:/Users/Fathon2325/Coding/Project%204/src/java/Projek4/BookingServlet.java</file>
            <file>file:/C:/Users/Fathon2325/Coding/Project%204/src/java/Projek4/DatabaseConnection.java</file>
            <file>file:/C:/Users/Fathon2325/Coding/Project%204/src/java/Projek4/RegisterServlet.java</file>
            <file>file:/C:/Users/Fathon2325/Coding/Project%204/web/Signin.css</file>
            <file>file:/C:/Users/Fathon2325/Coding/Project%204/web/BookingDetails.jsp</file>
            <file>file:/C:/Users/Fathon2325/Coding/Project%204/web/SignIn.jsp</file>
            <file>file:/C:/Users/Fathon2325/Coding/Project%204/src/java/Projek4/AtminServlet.java</file>
            <file>file:/C:/Users/Fathon2325/Coding/Project%204/web/SignUp.jsp</file>
            <file>file:/C:/Users/Fathon2325/Coding/Project%204/web/AtminPage.jsp</file>
        </group>
    </open-files>
</project-private>
